Title,Time,Class
"Stocks making the biggest moves midday: American Airlines, Broadcom, big banks and more","Tue, Dec 24th 2024",Personal Finance
Biggest banks sue the Federal Reserve over annual stress tests,"Tue, Dec 24th 2024",ETF Edge
"Why the 'great resignation' became the 'great stay,' labor economists say","Tue, Dec 24th 2024",Federal Reserve
"Stocks making the biggest moves midday: Nordstrom, Honda, MicroStrategy and more","Tue, Dec 24th 2024",Finance
"Stocks making biggest moves premarket: Novo Nordisk, Honda, Xerox and more","Mon, Dec 23rd 2024",Market Insider
How much money Mariah Carey makes from 'All I Want For Christmas Is You',"Mon, Dec 23rd 2024",Finance
This country may have the fastest-growing e-commerce sector 'on the planet',"Mon, Dec 23rd 2024",Market Insider
How the Federal Reserve's rate policy affects mortgages,"Mon, Dec 23rd 2024",Markets
Banking app Dave is this year’s biggest gainer among financials with 934% surge,"Mon, Dec 23rd 2024",Market Insider
"Stocks making the biggest moves midday: Novo Nordisk, Mission Produce and more","Mon, Dec 23rd 2024",Market Insider
"CFPB sues JPMorgan Chase, Bank of America and Wells Fargo over Zelle fraud","Mon, Dec 23rd 2024",Markets
"Stocks making the biggest moves premarket: Novo Nordisk, FedEx and more ","Mon, Dec 23rd 2024",Market Insider
"Warren Buffett's Berkshire buys Occidental, other shares during sell-off","Sat, Dec 21st 2024",China Economy
"Stocks making the biggest moves after hours: FedEx, Nike, U.S. Steel and more","Sat, Dec 21st 2024",Markets
"Stocks making the biggest moves midday: Darden, Micron, Lamb Weston and more","Sat, Dec 21st 2024",Federal Reserve
Wall Street's fear gauge — the VIX — saw second-biggest spike ever on Wednesday,"Sat, Dec 21st 2024",Federal Reserve
"Stocks making the biggest moves premarket: Micron, Lamb Weston, Darden, Carmax","Fri, Dec 20th 2024",Market Insider
Chinese self-driving trucking company pivots to generative AI for video games,"Fri, Dec 20th 2024",Market Insider
"The Fed sees only two rate cuts in 2025, fewer than previously projected","Fri, Dec 20th 2024",Banks
Here's what changed in the new Fed statement,"Fri, Dec 20th 2024",Trade Alerts
"Fed cuts by a quarter point, indicates fewer reductions ahead","Fri, Dec 20th 2024",ETF Strategist
"Stocks making the biggest moves midday: Nvidia, Ollie's Bargain Outlet, Birkenstock, Disney and more","Fri, Dec 20th 2024",Market Insider
"Stocks making the biggest moves premarket:General Mills, Nvidia, Jabil and more ","Fri, Dec 20th 2024",Markets
UniCredit raises stake in Commerzbank to 28% as Orcel ups ante on pursuit,"Fri, Dec 20th 2024",Market Insider
"After taking profits, we're afternoon buyers of 2 stocks in an oversold market","Fri, Dec 20th 2024",Personal Finance
"ETFs will soon beat mutual funds among financial advisor holdings, report finds","Fri, Dec 20th 2024",Market Insider
"Stocks making the biggest moves midday: Teva Pharmaceuticals, Broadcom and more","Thu, Dec 19th 2024",Market Insider
Why the Dow is in such a historic funk and how concerned you should be,"Thu, Dec 19th 2024",Markets
"Stocks making biggest moves premarket: Pfizer, Tesla, SolarEdge and more","Thu, Dec 19th 2024",Markets
