ProductName,ProductCode,RegularPrice,HappyPrice,Discount,Link,ImageLink
ST-43DH7900,Шифра: 61069,"11,999 Ден.","10,499 Ден.",-13%,https://setec.mk/index.php?route=product/product&product_id=61069,https://setec.mk/image/cache/catalog/Product/61069_0-220x220.jpg
TCL 75V6B,Шифра: 78398,"59,999 Ден.","10,499 Ден.",-13%,https://setec.mk/index.php?route=product/product&product_id=61069,https://setec.mk/image/cache/catalog/Product/61069_0-220x220.jpg
TCL 55C69B,Шифра: 78426,"35,999 Ден.","10,499 Ден.",-13%,https://setec.mk/index.php?route=product/product&product_id=61069,https://setec.mk/image/cache/catalog/Product/61069_0-220x220.jpg
TCL 55C745,Шифра: 77351,"54,999 Ден.","10,499 Ден.",-13%,https://setec.mk/index.php?route=product/product&product_id=61069,https://setec.mk/image/cache/catalog/Product/61069_0-220x220.jpg
TCL 65C745,Шифра: 77352,"74,999 Ден.","10,499 Ден.",-13%,https://setec.mk/index.php?route=product/product&product_id=61069,https://setec.mk/image/cache/catalog/Product/61069_0-220x220.jpg
SAMSUNG UE65DU7172UXXH,Шифра: 58687,"52,999 Ден.","10,499 Ден.",-13%,https://setec.mk/index.php?route=product/product&product_id=61069,https://setec.mk/image/cache/catalog/Product/61069_0-220x220.jpg
SAMSUNG UE55CU7092UXXH,Шифра: 57668,"39,999 Ден.","10,499 Ден.",-13%,https://setec.mk/index.php?route=product/product&product_id=61069,https://setec.mk/image/cache/catalog/Product/61069_0-220x220.jpg
PHILIPS 55PUS8209,Шифра: 59560,"39,999 Ден.","10,499 Ден.",-13%,https://setec.mk/index.php?route=product/product&product_id=61069,https://setec.mk/image/cache/catalog/Product/61069_0-220x220.jpg
PHILIPS 65PUS8209,Шифра: 59557,"49,999 Ден.","10,499 Ден.",-13%,https://setec.mk/index.php?route=product/product&product_id=61069,https://setec.mk/image/cache/catalog/Product/61069_0-220x220.jpg
PHILIPS 65PUS7609,Шифра: 59954,"39,999 Ден.","10,499 Ден.",-13%,https://setec.mk/index.php?route=product/product&product_id=61069,https://setec.mk/image/cache/catalog/Product/61069_0-220x220.jpg
PHILIPS 55PUS7609,Шифра: 59955,"32,999 Ден.","10,499 Ден.",-13%,https://setec.mk/index.php?route=product/product&product_id=61069,https://setec.mk/image/cache/catalog/Product/61069_0-220x220.jpg
Hisense 55E7NQ,Шифра: 78642,"28,999 Ден.","10,499 Ден.",-13%,https://setec.mk/index.php?route=product/product&product_id=61069,https://setec.mk/image/cache/catalog/Product/61069_0-220x220.jpg
Hisense 65E7NQ,Шифра: 78643,,"10,499 Ден.",-13%,https://setec.mk/index.php?route=product/product&product_id=61069,https://setec.mk/image/cache/catalog/Product/61069_0-220x220.jpg
Hisense 65A6N,Шифра: 78641,"35,999 Ден.","10,499 Ден.",-13%,https://setec.mk/index.php?route=product/product&product_id=61069,https://setec.mk/image/cache/catalog/Product/61069_0-220x220.jpg
Hisense 40A4N,Шифра: 78551,"15,999 Ден.","10,499 Ден.",-13%,https://setec.mk/index.php?route=product/product&product_id=61069,https://setec.mk/image/cache/catalog/Product/61069_0-220x220.jpg
ST-75DX7900,Шифра: 61071,"39,999 Ден.","10,499 Ден.",-13%,https://setec.mk/index.php?route=product/product&product_id=61069,https://setec.mk/image/cache/catalog/Product/61069_0-220x220.jpg
ST-32DH5800,Шифра: 59660,"10,999 Ден.","10,499 Ден.",-13%,https://setec.mk/index.php?route=product/product&product_id=61069,https://setec.mk/image/cache/catalog/Product/61069_0-220x220.jpg
TCL S522WE,Шифра: 78374,"8,499 Ден.","10,499 Ден.",-13%,https://setec.mk/index.php?route=product/product&product_id=61069,https://setec.mk/image/cache/catalog/Product/61069_0-220x220.jpg
Hisense AX3120G,Шифра: 78788,"20,999 Ден.","10,499 Ден.",-13%,https://setec.mk/index.php?route=product/product&product_id=61069,https://setec.mk/image/cache/catalog/Product/61069_0-220x220.jpg
Hisense HP100HSN,Шифра: 33742,"22,999 Ден.","10,499 Ден.",-13%,https://setec.mk/index.php?route=product/product&product_id=61069,https://setec.mk/image/cache/catalog/Product/61069_0-220x220.jpg
Samsung SM-A256 Galaxy A25 5G Blue 6 / 128,Шифра: 57273,"19,999 Ден.","10,499 Ден.",-13%,https://setec.mk/index.php?route=product/product&product_id=61069,https://setec.mk/image/cache/catalog/Product/61069_0-220x220.jpg
Apple iPhone 16 128GB Black,Шифра: 59511,,"10,499 Ден.",-13%,https://setec.mk/index.php?route=product/product&product_id=61069,https://setec.mk/image/cache/catalog/Product/61069_0-220x220.jpg
Apple iPhone 14 128GB Midnight,Шифра: 53816,"61,990 Ден.","10,499 Ден.",-13%,https://setec.mk/index.php?route=product/product&product_id=61069,https://setec.mk/image/cache/catalog/Product/61069_0-220x220.jpg
Apple iPhone 13 128GB Starlight,Шифра: 51839,"55,799 Ден.","10,499 Ден.",-13%,https://setec.mk/index.php?route=product/product&product_id=61069,https://setec.mk/image/cache/catalog/Product/61069_0-220x220.jpg
Apple iPhone 13 128GB Midnight,Шифра: 51841,"55,799 Ден.","10,499 Ден.",-13%,https://setec.mk/index.php?route=product/product&product_id=61069,https://setec.mk/image/cache/catalog/Product/61069_0-220x220.jpg
Samsung Galaxy S24 Ultra 12GB / 256GB Titanium Black;  Nano-SIM and eSIM or Dual SIM (2 Nano-SIMs and,Шифра: 77670,"86,999 Ден.","10,499 Ден.",-13%,https://setec.mk/index.php?route=product/product&product_id=61069,https://setec.mk/image/cache/catalog/Product/61069_0-220x220.jpg
Samsung Galaxy S24+ 12GB / 256GB Amber Yellow;  Nano-SIM and eSIM or Dual SIM (2 Nano-SIMs and eSIM,Шифра: 77665,"68,999 Ден.","10,499 Ден.",-13%,https://setec.mk/index.php?route=product/product&product_id=61069,https://setec.mk/image/cache/catalog/Product/61069_0-220x220.jpg
Samsung Galaxy S24FE 5G Graphite 8 / 128,Шифра: 78546,"44,999 Ден.","10,499 Ден.",-13%,https://setec.mk/index.php?route=product/product&product_id=61069,https://setec.mk/image/cache/catalog/Product/61069_0-220x220.jpg
Samsung SM-A356 Galaxy A35 5G 6 / 128GB LIGHT BLUE,Шифра: 57677,"24,999 Ден.","10,499 Ден.",-13%,https://setec.mk/index.php?route=product/product&product_id=61069,https://setec.mk/image/cache/catalog/Product/61069_0-220x220.jpg
Samsung SM-A165 LTE Galaxy A16 4 / 128 GREY,Шифра: 60920,"12,999 Ден.","10,499 Ден.",-13%,https://setec.mk/index.php?route=product/product&product_id=61069,https://setec.mk/image/cache/catalog/Product/61069_0-220x220.jpg
Samsung SM-A065 Galaxy A06 6 / 128 LIGHT BLUE,Шифра: 59815,"10,999 Ден.","10,499 Ден.",-13%,https://setec.mk/index.php?route=product/product&product_id=61069,https://setec.mk/image/cache/catalog/Product/61069_0-220x220.jpg
Xiaomi Redmi Note 13 Pro 8 / 256GB Lavender Purple,Шифра: 77702,"20,499 Ден.","10,499 Ден.",-13%,https://setec.mk/index.php?route=product/product&product_id=61069,https://setec.mk/image/cache/catalog/Product/61069_0-220x220.jpg
Xiaomi Redmi Note 13 6 / 128GB Midnight Black,Шифра: 77696,"13,499 Ден.","10,499 Ден.",-13%,https://setec.mk/index.php?route=product/product&product_id=61069,https://setec.mk/image/cache/catalog/Product/61069_0-220x220.jpg
Xiaomi Redmi 13 8 / 256GB Pink,Шифра: 78174,"13,999 Ден.","10,499 Ден.",-13%,https://setec.mk/index.php?route=product/product&product_id=61069,https://setec.mk/image/cache/catalog/Product/61069_0-220x220.jpg
Xiaomi Redmi A3 3 / 64GB Green,Шифра: 77870,"6,999 Ден.","10,499 Ден.",-13%,https://setec.mk/index.php?route=product/product&product_id=61069,https://setec.mk/image/cache/catalog/Product/61069_0-220x220.jpg
DOOGEE N55 PRO 6 / 256GB Black,Шифра: 59770,"9,999 Ден.","10,499 Ден.",-13%,https://setec.mk/index.php?route=product/product&product_id=61069,https://setec.mk/image/cache/catalog/Product/61069_0-220x220.jpg
DOOGEE N55 4 / 128GB Natural,Шифра: 58905,"5,999 Ден.","10,499 Ден.",-13%,https://setec.mk/index.php?route=product/product&product_id=61069,https://setec.mk/image/cache/catalog/Product/61069_0-220x220.jpg
Mibro Watch C2 Gray,Шифра: 56504,"2,499 Ден.","10,499 Ден.",-13%,https://setec.mk/index.php?route=product/product&product_id=61069,https://setec.mk/image/cache/catalog/Product/61069_0-220x220.jpg
Power box G-35 Rose,Шифра: 77379,"2,999 Ден.","10,499 Ден.",-13%,https://setec.mk/index.php?route=product/product&product_id=61069,https://setec.mk/image/cache/catalog/Product/61069_0-220x220.jpg
Лаптоп ASUS Vivobook  X1504VA-BQ005 ( Silver ),Шифра: 59712,"29,999 Ден.","10,499 Ден.",-13%,https://setec.mk/index.php?route=product/product&product_id=61069,https://setec.mk/image/cache/catalog/Product/61069_0-220x220.jpg
Лаптоп ASUS X1504VA-BQ312 ( Quiet Blue),Шифра: 56725,"20,999 Ден.","10,499 Ден.",-13%,https://setec.mk/index.php?route=product/product&product_id=61069,https://setec.mk/image/cache/catalog/Product/61069_0-220x220.jpg
Лаптоп ACER Aspire 3 A315-44P-R8YE,Шифра: 61095,"25,999 Ден.","10,499 Ден.",-13%,https://setec.mk/index.php?route=product/product&product_id=61069,https://setec.mk/image/cache/catalog/Product/61069_0-220x220.jpg
Лаптоп ACER Aspire 3 A315-59-502V ( Silver ) -Процесор  Intel Core i5-1235U  (12M Cache,Шифра: 61099,"28,999 Ден.","10,499 Ден.",-13%,https://setec.mk/index.php?route=product/product&product_id=61069,https://setec.mk/image/cache/catalog/Product/61069_0-220x220.jpg
Лаптоп LENOVO  IdeaPad 3 15ABR8 ( GRAY ),Шифра: 55977,"32,999 Ден.","10,499 Ден.",-13%,https://setec.mk/index.php?route=product/product&product_id=61069,https://setec.mk/image/cache/catalog/Product/61069_0-220x220.jpg
Лаптоп LENOVO GAMING 3 15ACH6 (Black),Шифра: 59940,"40,999 Ден.","10,499 Ден.",-13%,https://setec.mk/index.php?route=product/product&product_id=61069,https://setec.mk/image/cache/catalog/Product/61069_0-220x220.jpg
Лаптоп ASUS Vivobook S Flip OLED TN3402YA-KN031W / TouchScreen   /  Win 11 (  Quiet Blue ),Шифра: 57789,"64,999 Ден.","10,499 Ден.",-13%,https://setec.mk/index.php?route=product/product&product_id=61069,https://setec.mk/image/cache/catalog/Product/61069_0-220x220.jpg
Лаптоп ASUS Vivobook S Flip TN3402YA-LZ392 / TouchScreen ( Cool Silver ),Шифра: 59164,"43,999 Ден.","10,499 Ден.",-13%,https://setec.mk/index.php?route=product/product&product_id=61069,https://setec.mk/image/cache/catalog/Product/61069_0-220x220.jpg
Лаптоп LENOVO GAMING LOQ 15ARP9 (Black),Шифра: 59749,"63,999 Ден.","10,499 Ден.",-13%,https://setec.mk/index.php?route=product/product&product_id=61069,https://setec.mk/image/cache/catalog/Product/61069_0-220x220.jpg
Лаптоп ACER Nitro 5 ANV15-51-52ZL -Процесор  Intel Corei5-13420H  (12M Cache,Шифра: 57800,"62,999 Ден.","10,499 Ден.",-13%,https://setec.mk/index.php?route=product/product&product_id=61069,https://setec.mk/image/cache/catalog/Product/61069_0-220x220.jpg
Лаптоп ASUS UX5304VA-OLED-NQ732X,Шифра: 56898,"71,999 Ден.","10,499 Ден.",-13%,https://setec.mk/index.php?route=product/product&product_id=61069,https://setec.mk/image/cache/catalog/Product/61069_0-220x220.jpg
Lenovo TAB M9 ( TB310FU ) + Lenovo Clear Case,Шифра: 59961,"7,999 Ден.","10,499 Ден.",-13%,https://setec.mk/index.php?route=product/product&product_id=61069,https://setec.mk/image/cache/catalog/Product/61069_0-220x220.jpg
"ST-T10 10"" (GRAY) Tablet WiFi",Шифра: 57080,"5,499 Ден.","10,499 Ден.",-13%,https://setec.mk/index.php?route=product/product&product_id=61069,https://setec.mk/image/cache/catalog/Product/61069_0-220x220.jpg
Конфигурација  INTEL GAMER VENOM,Шифра: 57780,"39,999 Ден.","10,499 Ден.",-13%,https://setec.mk/index.php?route=product/product&product_id=61069,https://setec.mk/image/cache/catalog/Product/61069_0-220x220.jpg
Конфигурација  AMD PRO,Шифра: 57003,"36,990 Ден.","10,499 Ден.",-13%,https://setec.mk/index.php?route=product/product&product_id=61069,https://setec.mk/image/cache/catalog/Product/61069_0-220x220.jpg
Sony PlayStation 5 Disc Edition Slim Console,Шифра: 20679,"36,999 Ден.","10,499 Ден.",-13%,https://setec.mk/index.php?route=product/product&product_id=61069,https://setec.mk/image/cache/catalog/Product/61069_0-220x220.jpg
"ASUS 24"" VY249HGE 24-inch Eye Care Gaming Monitor",Шифра: 33890,"9,999 Ден.","10,499 Ден.",-13%,https://setec.mk/index.php?route=product/product&product_id=61069,https://setec.mk/image/cache/catalog/Product/61069_0-220x220.jpg
Philips FullHD Evnia Fast IPS Gaming monitor 27M2N3200S,Шифра: 59789,"11,999 Ден.","10,499 Ден.",-13%,https://setec.mk/index.php?route=product/product&product_id=61069,https://setec.mk/image/cache/catalog/Product/61069_0-220x220.jpg
DELL Monitor Alienware AW2523HF,Шифра: 32939,"24,999 Ден.","10,499 Ден.",-13%,https://setec.mk/index.php?route=product/product&product_id=61069,https://setec.mk/image/cache/catalog/Product/61069_0-220x220.jpg
CoolerMaster MM730 Gaming Mouse (Black Matte),Шифра: 15988,"1,899 Ден.","10,499 Ден.",-13%,https://setec.mk/index.php?route=product/product&product_id=61069,https://setec.mk/image/cache/catalog/Product/61069_0-220x220.jpg
ASUS ROG Falchion NX,Шифра: 54028,"6,999 Ден.","10,499 Ден.",-13%,https://setec.mk/index.php?route=product/product&product_id=61069,https://setec.mk/image/cache/catalog/Product/61069_0-220x220.jpg
ASUS TUF Gaming H1 Gen II,Шифра: 61042,"4,899 Ден.","10,499 Ден.",-13%,https://setec.mk/index.php?route=product/product&product_id=61069,https://setec.mk/image/cache/catalog/Product/61069_0-220x220.jpg
SONY WH1000XM4B.CE7 ( Black ),Шифра: 30775,"16,990 Ден.","10,499 Ден.",-13%,https://setec.mk/index.php?route=product/product&product_id=61069,https://setec.mk/image/cache/catalog/Product/61069_0-220x220.jpg
Конфигурација  AMD PRO GAMER,Шифра: 61068,"54,999 Ден.","10,499 Ден.",-13%,https://setec.mk/index.php?route=product/product&product_id=61069,https://setec.mk/image/cache/catalog/Product/61069_0-220x220.jpg
Virtual Reality Advanced All-In-One Headset Meta Quest 3S 256GB withTwo Controllers included,Шифра: 20789,"38,999 Ден.","10,499 Ден.",-13%,https://setec.mk/index.php?route=product/product&product_id=61069,https://setec.mk/image/cache/catalog/Product/61069_0-220x220.jpg
Nintendo Switch OLED Splatoon 3 Edition,Шифра: 20743,"24,999 Ден.","10,499 Ден.",-13%,https://setec.mk/index.php?route=product/product&product_id=61069,https://setec.mk/image/cache/catalog/Product/61069_0-220x220.jpg
GAMING Столица CRAZY SPARTAN,Шифра: 20307,"8,999 Ден.","10,499 Ден.",-13%,https://setec.mk/index.php?route=product/product&product_id=61069,https://setec.mk/image/cache/catalog/Product/61069_0-220x220.jpg
HP LaserJet MFP M141w,Шифра: 32512,"7,499 Ден.","10,499 Ден.",-13%,https://setec.mk/index.php?route=product/product&product_id=61069,https://setec.mk/image/cache/catalog/Product/61069_0-220x220.jpg
SAMSUNG WW90T4020EE1LE,Шифра: 74024,"31,999 Ден.","10,499 Ден.",-13%,https://setec.mk/index.php?route=product/product&product_id=61069,https://setec.mk/image/cache/catalog/Product/61069_0-220x220.jpg
CANDY ROE H9A2TCEX-S,Шифра: 76302,"26,999 Ден.","10,499 Ден.",-13%,https://setec.mk/index.php?route=product/product&product_id=61069,https://setec.mk/image/cache/catalog/Product/61069_0-220x220.jpg
Gorenje Вграден комплет JUMP STEEL SET,Шифра: 60662,"30,999 Ден.","10,499 Ден.",-13%,https://setec.mk/index.php?route=product/product&product_id=61069,https://setec.mk/image/cache/catalog/Product/61069_0-220x220.jpg
CANDY CH64CCB / 4U2,Шифра: 76307,"11,499 Ден.","10,499 Ден.",-13%,https://setec.mk/index.php?route=product/product&product_id=61069,https://setec.mk/image/cache/catalog/Product/61069_0-220x220.jpg
CANDY FCT 615N WIFI,Шифра: 76630,"16,999 Ден.","10,499 Ден.",-13%,https://setec.mk/index.php?route=product/product&product_id=61069,https://setec.mk/image/cache/catalog/Product/61069_0-220x220.jpg
ST BHV-3262N,Шифра: 78713,"7,499 Ден.","10,499 Ден.",-13%,https://setec.mk/index.php?route=product/product&product_id=61069,https://setec.mk/image/cache/catalog/Product/61069_0-220x220.jpg
ST BOM-6FM76FBB,Шифра: 77747,"10,999 Ден.","10,499 Ден.",-13%,https://setec.mk/index.php?route=product/product&product_id=61069,https://setec.mk/image/cache/catalog/Product/61069_0-220x220.jpg
BOOSTAIR TH-960TX DUAL MOTOR,Шифра: 78451,"5,499 Ден.","10,499 Ден.",-13%,https://setec.mk/index.php?route=product/product&product_id=61069,https://setec.mk/image/cache/catalog/Product/61069_0-220x220.jpg
ST DWB60M61,Шифра: 78626,"15,999 Ден.","10,499 Ден.",-13%,https://setec.mk/index.php?route=product/product&product_id=61069,https://setec.mk/image/cache/catalog/Product/61069_0-220x220.jpg
CANDY CIMC E0W 3E53,Шифра: 78577,"26,999 Ден.","10,499 Ден.",-13%,https://setec.mk/index.php?route=product/product&product_id=61069,https://setec.mk/image/cache/catalog/Product/61069_0-220x220.jpg
ST DWB45M61,Шифра: 78627,"15,999 Ден.","10,499 Ден.",-13%,https://setec.mk/index.php?route=product/product&product_id=61069,https://setec.mk/image/cache/catalog/Product/61069_0-220x220.jpg
ST DWF60M61W,Шифра: 78624,"14,999 Ден.","10,499 Ден.",-13%,https://setec.mk/index.php?route=product/product&product_id=61069,https://setec.mk/image/cache/catalog/Product/61069_0-220x220.jpg
TELEFUNKEN TWE 6060W,Шифра: 70350,"11,999 Ден.","10,499 Ден.",-13%,https://setec.mk/index.php?route=product/product&product_id=61069,https://setec.mk/image/cache/catalog/Product/61069_0-220x220.jpg
Midea MM20CF2E,Шифра: 60908,"4,499 Ден.","10,499 Ден.",-13%,https://setec.mk/index.php?route=product/product&product_id=61069,https://setec.mk/image/cache/catalog/Product/61069_0-220x220.jpg
ST WM7104TWB,Шифра: 77819,"15,999 Ден.","10,499 Ден.",-13%,https://setec.mk/index.php?route=product/product&product_id=61069,https://setec.mk/image/cache/catalog/Product/61069_0-220x220.jpg
TCL FF0812WA0,Шифра: 78666,"20,999 Ден.","10,499 Ден.",-13%,https://setec.mk/index.php?route=product/product&product_id=61069,https://setec.mk/image/cache/catalog/Product/61069_0-220x220.jpg
WHIRLPPOL FFB 8258 WV EE,Шифра: 60663,"26,999 Ден.","10,499 Ден.",-13%,https://setec.mk/index.php?route=product/product&product_id=61069,https://setec.mk/image/cache/catalog/Product/61069_0-220x220.jpg
MIDEA LUNAR MF100W80BA / W-HR,Шифра: 78350,"23,999 Ден.","10,499 Ден.",-13%,https://setec.mk/index.php?route=product/product&product_id=61069,https://setec.mk/image/cache/catalog/Product/61069_0-220x220.jpg
Hisense WFQP9014EVM,Шифра: 78592,"26,999 Ден.","10,499 Ден.",-13%,https://setec.mk/index.php?route=product/product&product_id=61069,https://setec.mk/image/cache/catalog/Product/61069_0-220x220.jpg
HAIER HW80-B14939-S,Шифра: 78585,"35,999 Ден.","10,499 Ден.",-13%,https://setec.mk/index.php?route=product/product&product_id=61069,https://setec.mk/image/cache/catalog/Product/61069_0-220x220.jpg
BOSCH WGG244Z2BY,Шифра: 78620,"48,999 Ден.","10,499 Ден.",-13%,https://setec.mk/index.php?route=product/product&product_id=61069,https://setec.mk/image/cache/catalog/Product/61069_0-220x220.jpg
CANDY ZEROWATT ETDE H8A1DE-S,Шифра: 72955,"23,999 Ден.","10,499 Ден.",-13%,https://setec.mk/index.php?route=product/product&product_id=61069,https://setec.mk/image/cache/catalog/Product/61069_0-220x220.jpg
HAIER HD80-A2939E-S,Шифра: 78338,"32,999 Ден.","10,499 Ден.",-13%,https://setec.mk/index.php?route=product/product&product_id=61069,https://setec.mk/image/cache/catalog/Product/61069_0-220x220.jpg
CANDY CSOW 4855TWE / 1-S,Шифра: 78094,"27,999 Ден.","10,499 Ден.",-13%,https://setec.mk/index.php?route=product/product&product_id=61069,https://setec.mk/image/cache/catalog/Product/61069_0-220x220.jpg
ST RF-263WM Superior Technology,Шифра: 77638,"12,999 Ден.","10,499 Ден.",-13%,https://setec.mk/index.php?route=product/product&product_id=61069,https://setec.mk/image/cache/catalog/Product/61069_0-220x220.jpg
MIDEA MDRB424FGE02I,Шифра: 77954,"32,999 Ден.","10,499 Ден.",-13%,https://setec.mk/index.php?route=product/product&product_id=61069,https://setec.mk/image/cache/catalog/Product/61069_0-220x220.jpg
HAIER HDW1618DNPK,Шифра: 78317,"39,999 Ден.","10,499 Ден.",-13%,https://setec.mk/index.php?route=product/product&product_id=61069,https://setec.mk/image/cache/catalog/Product/61069_0-220x220.jpg
Hisense RB395N4WFE,Шифра: 78593,"38,999 Ден.","10,499 Ден.",-13%,https://setec.mk/index.php?route=product/product&product_id=61069,https://setec.mk/image/cache/catalog/Product/61069_0-220x220.jpg
SAMSUNG RB34C7B5E22 / EF,Шифра: 60895,"54,999 Ден.","10,499 Ден.",-13%,https://setec.mk/index.php?route=product/product&product_id=61069,https://setec.mk/image/cache/catalog/Product/61069_0-220x220.jpg
TCL RP470CSE1,Шифра: 78218,"54,999 Ден.","10,499 Ден.",-13%,https://setec.mk/index.php?route=product/product&product_id=61069,https://setec.mk/image/cache/catalog/Product/61069_0-220x220.jpg
ST CF-211WM,Шифра: 77746,"13,999 Ден.","10,499 Ден.",-13%,https://setec.mk/index.php?route=product/product&product_id=61069,https://setec.mk/image/cache/catalog/Product/61069_0-220x220.jpg
Atlantic APE OPRO+ S 080 WM 2000M PE,Шифра: 77623,"8,199 Ден.","10,499 Ден.",-13%,https://setec.mk/index.php?route=product/product&product_id=61069,https://setec.mk/image/cache/catalog/Product/61069_0-220x220.jpg
Midea DSK30HPS-X1(W),Шифра: 77140,"3,499 Ден.","10,499 Ден.",-13%,https://setec.mk/index.php?route=product/product&product_id=61069,https://setec.mk/image/cache/catalog/Product/61069_0-220x220.jpg
Philips FC9352 / 01,Шифра: 78733,"12,499 Ден.","10,499 Ден.",-13%,https://setec.mk/index.php?route=product/product&product_id=61069,https://setec.mk/image/cache/catalog/Product/61069_0-220x220.jpg
Philips DST5010 / 10,Шифра: 74692,"3,999 Ден.","10,499 Ден.",-13%,https://setec.mk/index.php?route=product/product&product_id=61069,https://setec.mk/image/cache/catalog/Product/61069_0-220x220.jpg
Philips EP3341 / 50,Шифра: 78808,"47,999 Ден.","10,499 Ден.",-13%,https://setec.mk/index.php?route=product/product&product_id=61069,https://setec.mk/image/cache/catalog/Product/61069_0-220x220.jpg
Philips HD9270 / 90,Шифра: 75087,"14,899 Ден.","10,499 Ден.",-13%,https://setec.mk/index.php?route=product/product&product_id=61069,https://setec.mk/image/cache/catalog/Product/61069_0-220x220.jpg
Philips HX6800 / 35,Шифра: 76368,"10,999 Ден.","10,499 Ден.",-13%,https://setec.mk/index.php?route=product/product&product_id=61069,https://setec.mk/image/cache/catalog/Product/61069_0-220x220.jpg
Philips BRI945 / 00,Шифра: 77474,"31,999 Ден.","10,499 Ден.",-13%,https://setec.mk/index.php?route=product/product&product_id=61069,https://setec.mk/image/cache/catalog/Product/61069_0-220x220.jpg
Philips QP4631 / 65,Шифра: 33923,"5,699 Ден.","10,499 Ден.",-13%,https://setec.mk/index.php?route=product/product&product_id=61069,https://setec.mk/image/cache/catalog/Product/61069_0-220x220.jpg
Philips MG3720 / 15,Шифра: 33524,"2,699 Ден.","10,499 Ден.",-13%,https://setec.mk/index.php?route=product/product&product_id=61069,https://setec.mk/image/cache/catalog/Product/61069_0-220x220.jpg
Philips BHS376 / 00,Шифра: 72605,"2,799 Ден.","10,499 Ден.",-13%,https://setec.mk/index.php?route=product/product&product_id=61069,https://setec.mk/image/cache/catalog/Product/61069_0-220x220.jpg
Philips BHD302 / 30,Шифра: 74648,"2,099 Ден.","10,499 Ден.",-13%,https://setec.mk/index.php?route=product/product&product_id=61069,https://setec.mk/image/cache/catalog/Product/61069_0-220x220.jpg
BaByliss 6704E,Шифра: 73743,"2,899 Ден.","10,499 Ден.",-13%,https://setec.mk/index.php?route=product/product&product_id=61069,https://setec.mk/image/cache/catalog/Product/61069_0-220x220.jpg
Beurer GERMANY FB 35,Шифра: 68909,"2,999 Ден.","10,499 Ден.",-13%,https://setec.mk/index.php?route=product/product&product_id=61069,https://setec.mk/image/cache/catalog/Product/61069_0-220x220.jpg
Rowenta CF2133F0,Шифра: 75576,"1,399 Ден.","10,499 Ден.",-13%,https://setec.mk/index.php?route=product/product&product_id=61069,https://setec.mk/image/cache/catalog/Product/61069_0-220x220.jpg
Rowenta RO3786EA,Шифра: 71372,"8,119 Ден.","10,499 Ден.",-13%,https://setec.mk/index.php?route=product/product&product_id=61069,https://setec.mk/image/cache/catalog/Product/61069_0-220x220.jpg
Rowenta EP1110F0,Шифра: 71853,"1,749 Ден.","10,499 Ден.",-13%,https://setec.mk/index.php?route=product/product&product_id=61069,https://setec.mk/image/cache/catalog/Product/61069_0-220x220.jpg
Tefal DT9531E0,Шифра: 76076,"8,999 Ден.","10,499 Ден.",-13%,https://setec.mk/index.php?route=product/product&product_id=61069,https://setec.mk/image/cache/catalog/Product/61069_0-220x220.jpg
Tefal EY501815,Шифра: 75573,"9,889 Ден.","10,499 Ден.",-13%,https://setec.mk/index.php?route=product/product&product_id=61069,https://setec.mk/image/cache/catalog/Product/61069_0-220x220.jpg
Tefal PP1403V0,Шифра: 74941,"1,399 Ден.","10,499 Ден.",-13%,https://setec.mk/index.php?route=product/product&product_id=61069,https://setec.mk/image/cache/catalog/Product/61069_0-220x220.jpg
(Dolce Gusto) Krups KP170110,Шифра: 76551,"9,559 Ден.","10,499 Ден.",-13%,https://setec.mk/index.php?route=product/product&product_id=61069,https://setec.mk/image/cache/catalog/Product/61069_0-220x220.jpg
Hisense HVC 613410 BK,Шифра: 78792,"10,999 Ден.","10,499 Ден.",-13%,https://setec.mk/index.php?route=product/product&product_id=61069,https://setec.mk/image/cache/catalog/Product/61069_0-220x220.jpg
Gorenje BN1000BK,Шифра: 78197,"4,999 Ден.","10,499 Ден.",-13%,https://setec.mk/index.php?route=product/product&product_id=61069,https://setec.mk/image/cache/catalog/Product/61069_0-220x220.jpg
ST MTG-800WA,Шифра: 72290,"1,099 Ден.","10,499 Ден.",-13%,https://setec.mk/index.php?route=product/product&product_id=61069,https://setec.mk/image/cache/catalog/Product/61069_0-220x220.jpg
ST VCC-1601HWT,Шифра: 31976,"4,399 Ден.","10,499 Ден.",-13%,https://setec.mk/index.php?route=product/product&product_id=61069,https://setec.mk/image/cache/catalog/Product/61069_0-220x220.jpg
ST SI-2800BBB,Шифра: 34942,"1,999 Ден.","10,499 Ден.",-13%,https://setec.mk/index.php?route=product/product&product_id=61069,https://setec.mk/image/cache/catalog/Product/61069_0-220x220.jpg
Silvercrest 334428,Шифра: 77887,"3,499 Ден.","10,499 Ден.",-13%,https://setec.mk/index.php?route=product/product&product_id=61069,https://setec.mk/image/cache/catalog/Product/61069_0-220x220.jpg
Midea M7,Шифра: 78309,"15,999 Ден.","10,499 Ден.",-13%,https://setec.mk/index.php?route=product/product&product_id=61069,https://setec.mk/image/cache/catalog/Product/61069_0-220x220.jpg
Midea Breezeless E MSCB1BU-12HRFN8-QRD1GW / MOX103-12HFN8-QRD1GW,Шифра: 76952,"49,999 Ден.","10,499 Ден.",-13%,https://setec.mk/index.php?route=product/product&product_id=61069,https://setec.mk/image/cache/catalog/Product/61069_0-220x220.jpg
ST XAC-18INV32 SIBERIA,Шифра: 78168,"37,999 Ден.","10,499 Ден.",-13%,https://setec.mk/index.php?route=product/product&product_id=61069,https://setec.mk/image/cache/catalog/Product/61069_0-220x220.jpg
ST FOREST PLUS,Шифра: 60834,"11,999 Ден.","10,499 Ден.",-13%,https://setec.mk/index.php?route=product/product&product_id=61069,https://setec.mk/image/cache/catalog/Product/61069_0-220x220.jpg
ST AH-510C,Шифра: 20627,"1,899 Ден.","10,499 Ден.",-13%,https://setec.mk/index.php?route=product/product&product_id=61069,https://setec.mk/image/cache/catalog/Product/61069_0-220x220.jpg
ST AP260PM2,Шифра: 74743,"7,999 Ден.","10,499 Ден.",-13%,https://setec.mk/index.php?route=product/product&product_id=61069,https://setec.mk/image/cache/catalog/Product/61069_0-220x220.jpg
Philips AC0920 / 10,Шифра: 59966,"10,999 Ден.","10,499 Ден.",-13%,https://setec.mk/index.php?route=product/product&product_id=61069,https://setec.mk/image/cache/catalog/Product/61069_0-220x220.jpg
Midea MDDF7-20DEN7-QA3,Шифра: 77320,"17,999 Ден.","10,499 Ден.",-13%,https://setec.mk/index.php?route=product/product&product_id=61069,https://setec.mk/image/cache/catalog/Product/61069_0-220x220.jpg
ST FH-06HVNP,Шифра: 72699,"1,099 Ден.","10,499 Ден.",-13%,https://setec.mk/index.php?route=product/product&product_id=61069,https://setec.mk/image/cache/catalog/Product/61069_0-220x220.jpg
ST HL-105VNP,Шифра: 70795,999 Ден.,"10,499 Ден.",-13%,https://setec.mk/index.php?route=product/product&product_id=61069,https://setec.mk/image/cache/catalog/Product/61069_0-220x220.jpg
ST BPT-2000B,Шифра: 77401,"2,999 Ден.","10,499 Ден.",-13%,https://setec.mk/index.php?route=product/product&product_id=61069,https://setec.mk/image/cache/catalog/Product/61069_0-220x220.jpg
ST PN-2500,Шифра: 72090,"3,799 Ден.","10,499 Ден.",-13%,https://setec.mk/index.php?route=product/product&product_id=61069,https://setec.mk/image/cache/catalog/Product/61069_0-220x220.jpg
MIDEA NDK20-21AE,Шифра: 78471,"3,999 Ден.","10,499 Ден.",-13%,https://setec.mk/index.php?route=product/product&product_id=61069,https://setec.mk/image/cache/catalog/Product/61069_0-220x220.jpg
